0.000000000000000,5,-2.00000000000000,-1.87938524157182,-1.53208888623796,-1.00000000000000,-0.347296355333861,0.347296355333861,1.00000000000000,1.53208888623796,1.87938524157182,2.00000000000000
0.0100000000000000,9,-1.99334811529934,-1.87422252937111,-1.87123132387913,-1.52640920354844,-1.52444107616521,-0.993348115299335,-0.993333296214406,-0.343454258675079,-0.337816078782035,0.351160811960617,0.356776279040190,1.00666670362099,1.00668151447662,1.53778834105335,1.53972868217054,1.88456189151599,1.88755857870949,2.00668151447662
0.0200000000000000,9,-1.98672592246068,-1.86907449209932,-1.86309703739455,-1.52074931175073,-1.51678535096643,-0.986726228462029,-0.986666369066872,-0.339634109280982,-0.328335441200719,0.355047941342358,0.366255858115797,1.01333362829979,1.01339229311434,1.54350754834562,1.54736024844721,1.88975312817044,1.89575112465165,2.01339258537773
0.0300000000000000,9,-1.98013331590642,-1.86394052044610,-1.85498259495596,-1.51510922872429,-1.50912200684150,-0.980134385042361,-0.979998993435678,-0.335835638087712,-0.318854434437513,0.358958168902920,0.375735100805414,1.02000099323566,1.02013229795801,1.54924648758622,1.55498333838231,1.89495850365416,1.90396266992615,2.02013329630658
0.0400000000000000,9,-1.97357039884671,-1.85882070949185,-1.84688821042607,-1.50948897145905,-1.50145067698259,-0.973572675143356,-0.973330942327593,-0.332058414464534,-0.309373050372418,0.362891691587570,0.385214015382905,1.02666901555870,1.02690136167386,1.55500513737076,1.56259821896281,1.90017825311943,1.91219300627277,2.02690355329949
0.0500000000000000,9,-1.96703690433536,-1.85371517027864,-1.83881409864022,-1.50388855605241,-1.49377195784094,-0.967041590374052,-0.966661986933102,-0.328302181903496,-0.299891280918630,0.366848969289020,0.394692610150425,1.03333791028622,1.03369905956113,1.56078347542289,1.57020435069216,1.90541199414920,1.92044192668482,2.03370340999207
0.0600000000000000,9,-1.96053305996925,-1.84862408740491,-1.83076047535204,-1.49830799770646,-1.48608601373328,-0.960541149943630,-0.959991896683990,-0.324566473988439,-0.290409118023336,0.370830198143968,0.404170893437586,1.04000789028116,1.04052532833021,1.56658147859845,1.57780195865071,1.91066033664221,1.92870922544864,2.04053303720156
0.0700000000000000,9,-1.95405872193437,-1.84354722422495,-1.82272755717694,-1.49274731072547,-1.47839272175891,-0.954071786954844,-0.953320439313328,-0.320850971453381,-0.280926553668488,0.374835790395563,0.413648873600602,1.04667916621282,1.04737975592247,1.57239912288966,1.58539115999170,1.91592261904762,1.93699469818114,2.04739195230998
0.0800000000000000,9,-1.94761392177969,-1.83848454636092,-1.81471556153325,-1.48720650851348,-1.47069253233208,-0.947633434038268,-0.946647380917844,-0.317155309033280,-0.271443579871583,0.378866045532712,0.423126559021432,1.05335194651970,1.05426223895926,1.57823638342966,1.59297124600639,1.92119944211994,1.94529814186536,2.05428051001822
0.0900000000000000,9,-1.94119850187266,-1.83343615052437,-1.80672470658126,-1.48168560357212,-1.46298543689320,-0.941226455176321,-0.939972486022717,-0.313479052823315,-0.261960188686423,0.382921254934552,0.432603958106919,1.06002643737447,1.06117247238743,1.58409323449706,1.60054280779669,1.92649036306589,1.95361935488408,2.06119847003825
0.100000000000000,9,-1.93481248772825,-1.82840188587222,-1.79875521115994,-1.47618460749870,-1.45527184297377,-0.934851053523856,-0.933295517648782,-0.309821900899312,-0.252476372203872,0.387001811594203,0.442081079287929,1.06670284265095,1.06811037373385,1.58996964952079,1.60810536980750,1.93179587831207,1.96195813705162,2.06814580031696
0.110000000000000,9,-1.92845594179466,-1.82338183642750,-1.79080729472140,-1.47070353098436,-1.44755173120262,-0.928507328746635,-0.926616237382159,-0.306183424266043,-0.242992122552599,0.391107898066148,0.451557931018464,1.07338136389327,1.07507572479446,1.59586560108509,1.61565906838454,1.93711551606289,1.97031428964369,2.07512248230811
0.120000000000000,9,-1.92212848799481,-1.81837627613029,-1.78288117726313,-1.46524238381256,-1.43982544786403,-0.922195576871836,-0.919934405446308,-0.302563214409422,-0.233507431899820,0.395239812477461,0.461034521774796,1.08006220028686,1.08206811653672,1.60178106093464,1.62320383182544,1.94244935543278,1.97868761542552,2.08212839791787
0.130000000000000,9,-1.91583054626533,-1.81338481338481,-1.77497707925796,-1.45980117485767,-1.43209302325581,-0.915915915915916,-0.913249780776491,-0.298960988041561,-0.224022292452025,0.399398008798333,0.470510860054571,1.08674554863157,1.08908726543997,1.60771599997988,1.63073948767521,1.94779722389861,1.98707791867812,2.08916323731138
0.140000000000000,9,-1.90956161546427,-1.80840743734842,-1.76709522158179,-1.45437991208380,-1.42435496481626,-0.909668633681344,-0.906562121096662,-0.295376220562895,-0.214536696455688,0.403582575654770,0.479986954375928,1.09343160331656,1.09613319011815,1.61367038830253,1.63826606875934,1.95315964523282,1.99548500522293,2.09622786759045
0.150000000000000,9,-1.90332176499752,-1.80344478216819,-1.75923582543908,-1.44897860254387,-1.41661129568106,-0.903453902638020,-0.899871182998745,-0.291808567843700,-0.205050636197991,0.407793923381770,0.489462813276600,1.10012055629718,1.10320535399789,1.61964419516123,1.64578357523425,1.95853628075434,2.00390868244468,2.10332103321033
0.160000000000000,9,-1.89711099847947,-1.79849576935130,-1.75139911228607,-1.44359725237880,-1.40886227544910,-0.897271808689795,-0.893176722024295,-0.288257651530306,-0.195564104007504,0.412032298419197,0.498938445313014,1.10681259707365,1.11030383091149,1.62563738899735,1.65329218106996,1.96392711044998,2.01234875931266,2.11044327573253
0.170000000000000,9,-1.89092932665554,-1.79356136820926,-1.74358530375185,-1.43823586681697,-1.40110803324100,-0.891122611464968,-0.886478492748532,-0.284723012171539,-0.186077092254887,0.416297935103245,0.508413859059390,1.11350791267149,1.11742808798646,1.63164993744099,1.66079148653143,1.96933253156945,2.02080504640037,2.11759425493716
0.180000000000000,9,-1.88477631155455,-1.78864097363083,-1.73579462155722,-1.43289445017384,-1.39334916864608,-0.885006470696986,-0.879776248866705,-0.281204265105582,-0.176589593353564,0.420591182364729,0.517889063106832,1.12020668762377,1.12457798784605,1.63768180731709,1.66828193832599,1.97475165562914,2.02927735590363,2.12477436823105
0.190000000000000,9,-1.87865227691498,-1.78373466606088,-1.72802728743139,-1.42757300585180,-1.38558558558559,-0.878923548591172,-0.873069743282764,-0.277701070072489,-0.167101599760389,0.424912208221442,0.527364066062415,1.12690910395505,1.13175355450237,1.64373296465174,1.67576318223867,1.98018549747049,2.03776550165715,2.13198281154082
0.200000000000000,9,-1.87255668491009,-1.77884274050408,-1.72028352302655,-1.42227153634024,-1.37781785392245,-0.872874027097146,-0.866358728200319,-0.274212893553223,-0.157613103976304,0.429261363636364,0.536838876548274,1.13361534116691,1.13895430993877,1.64980337467859,1.68323542702214,1.98563343491511,2.04626929914964,2.13921993499458
0.210000000000000,9,-1.86648983200707,-1.77396514161220,-1.71256354983036,-1.41699004321574,-1.37004589069670,-0.866858065673784,-0.859642955215816,-0.270739404869252,-0.148124098546990,0.433638782146024,0.546313503200681,1.14032557622522,1.14617987031294,1.65589300184549,1.69069870939030,1.99109528049866,2.05478856553751,2.14648552864737
0.220000000000000,9,-1.86045165026057,-1.76910139356079,-1.70486758907637,-1.41172852714257,-1.36227028124683,-0.860875877086862,-0.852922175413916,-0.267280119837364,-0.138634576063497,0.438044831880448,0.555787954669124,1.14703998354893,1.15343035343035,1.66200180982116,1.69815281276239,1.99657198824682,2.06332311965713,2.15377969762419
0.230000000000000,9,-1.85444177671068,-1.76425203600514,-1.69719586165250,-1.40648698787328,-1.35449101796407,-0.854927463731866,-0.846196139465009,-0.263834635416667,-0.129144529162873,0.442479634412875,0.565262239615387,1.15375873500033,1.16070502851218,1.66812976150212,1.70559806685461,2.00206256445514,2.07187278203583,2.16110183639399
0.240000000000000,9,-1.84846029173420,-1.75941676792224,-1.68954858800748,-1.40126542424963,-1.34670874661857,-0.849013157894737,-0.839464597724814,-0.260402532790593,-0.119653950528781,0.446943483275663,0.574736366712614,1.16048199987691,1.16800428036383,1.67427681901968,1.71303451828954,2.00756726457399,2.08043737490150,2.16845180136319
0.250000000000000,9,-1.84250681198910,-1.75459558823529,-1.68192598805545,-1.39606383420356,-1.33892355694228,-0.843133047210300,-0.832727300336003,-0.256983377594177,-0.110162832892091,0.451436629649216,0.584210344644391,1.16720994490461,1.17532760957976,1.68044294374706,1.72046204620462,2.01308637004228,2.08901672219105,2.17583015786609
0.260000000000000,9,-1.83658170914543,-1.74978867286560,-1.67432828107877,-1.39088221475849,-1.33113590263692,-0.837287261474987,-0.825983997331786,-0.253576714356191,-0.100671169031491,0.455959262317644,0.593684182103803,1.17394273423245,1.18267451640034,1.68662809630675,1.72788065843621,2.01861958266453,2.09761064955754,2.18323586744639
0.270000000000000,9,-1.83068439831333,-1.74499564838990,-1.66675568562899,-1.38572056203075,-1.32334581772784,-0.831475944550150,-0.819234438741378,-0.250182136092088,-0.0911789517740476,0.460511583842908,0.603157887792510,1.18068052942857,1.19004507454637,1.69283223657786,1.73529057875105,2.02416721097322,2.10621898437623,2.19066937119675
0.280000000000000,9,-1.82481494536482,-1.74021703387044,-1.65920841942619,-1.38057887123123,-1.31555356342447,-0.825699229833806,-0.812478374697279,-0.246799170832825,-0.0816861739957906,0.465093818984547,0.612631470419806,1.18742348947756,1.19743907476250,1.69905532370367,1.74269193703823,2.02972872538090,2.11484155574946,2.19813061124093
0.290000000000000,9,-1.81897341888176,-1.73545258620690,-1.65168669925670,-1.37545713666721,-1.30775988286969,-0.819957277998169,-0.805715555544279,-0.243427373569744,-0.0721928286222639,0.469706180344478,0.622104938701686,1.19417177077908,1.20485597424071,1.70529731609929,1.75008454514711,2.03530450132392,2.12347819451039,2.20561889250814
0.300000000000000,9,-1.81315921647413,-1.73070206077541,-1.64419074086929,-1.37035535174443,-1.29996487530734,-0.814250069309676,-0.798945731950102,-0.240066303575657,-0.0626989086290740,0.474348855564325,0.631578301359905,1.20092552714767,1.21229586935639,1.71155817145949,1.75746855345912,2.04089456869010,2.13212873322583,2.21313456889605
0.310000000000000,9,-1.80737279335410,-1.72596548890715,-1.63672075886996,-1.36527350896931,-1.29216900184642,-0.808577878103838,-0.792168655017598,-0.236715504045484,-0.0532044070424231,0.479022034409900,0.641051567121047,1.20768490981383,1.21975833222680,1.71783784676651,1.76484420928865,2.04649890590810,2.14079300619790,2.22067714631197
0.320000000000000,9,-1.80161366872330,-1.72124326970142,-1.62927696661536,-1.36021159995136,-1.28437233134073,-0.802940772296276,-0.785384076398367,-0.233374492855883,-0.0437093169396365,0.483725853400370,0.650524744715578,1.21445006742618,1.22724317295189,1.72413629829815,1.77221172022684,2.05211726384365,2.14947084946481,2.22824661128115
0.330000000000000,9,-1.79588182632050,-1.71653506734789,-1.62185957610502,-1.35516961540582,-1.27657550535077,-0.797338893853639,-0.778591748407743,-0.230042856105179,-0.0342136314496690,0.488460563023079,0.659997842876913,1.22122114605477,1.23475030240194,1.73045348163585,1.77957073476422,2.05774993189867,2.15816210080071,2.23584277148568
0.340000000000000,9,-1.79017718371153,-1.71184088806660,-1.61446879787240,-1.35014754515646,-1.26877874297394,-0.791772330233869,-0.771791424140987,-0.226720088422216,-0.0247173437536099,0.493226292022077,0.669470870340476,1.22799828919546,1.24227925184863,1.73678935167292,1.78692170818505,2.06339673006340,2.16686659971461,2.24346527259149
0.350000000000000,9,-1.78449958182325,-1.70716076901644,-1.60710484087501,-1.34514537813861,-1.26098247132655,-0.786241098677518,-0.764982857590611,-0.223405746320953,-0.0152204470851653,0.498023241883311,0.678943835842761,1.23478163777531,1.24983004758668,1.74314386262286,1.79426456984274,2.06905781584583,2.17558418744847,2.25111402359109
0.360000000000000,9,-1.77884872824632,-1.70249469214437,-1.59976791238353,-1.34016310240228,-1.25318681318681,-0.780745341614907,-0.758165803764675,-0.220099324044696,-0.00572293473113983,0.502851524090462,0.688416748120392,1.24157133015900,1.25740228977497,1.74951696802782,1.80159939070830,2.07473263754671,2.18431470697442,2.25878906250000
0.370000000000000,9,-1.77322467986030,-1.69784267298079,-1.59245821787029,-1.33520070511562,-1.24539257763191,-0.775285320739866,-0.751340018805976,-0.216800356506239,0.00377519996810571,0.507711289327576,0.697889615909189,1.24836750215622,1.26499589153657,1.75590862076708,1.80892678034102,2.08042188529993,2.19305800299130,2.26648989061982
0.380000000000000,9,-1.76762722256285,-1.69320466425412,-1.58517596089698,-1.33025817256840,-1.23759980643600,-0.769860769860770,-0.744505260111945,-0.213508398391294,0.0132739636181998,0.512602739726027,0.707362447943232,1.25517028702988,1.27261037291042,1.76231877306569,1.81624605678233,2.08612506979341,2.20181392192033,2.27421652421652
0.390000000000000,9,-1.76205617382088,-1.68858057630736,-1.57792134300192,-1.32533549017580,-1.22980910425844,-0.764472049689441,-0.737661286455166,-0.210222932148066,0.0227733627703153,0.517525964391691,0.716835252953923,1.26197981550536,1.28024574669187,1.76874737650316,1.82355792535143,2.09184255561894,2.21058231190012,2.28196896736223
0.400000000000000,9,-1.75651155984782,-1.68397053665381,-1.57069456358697,-1.32043264248228,-1.22202056866304,-0.759119064005506,-0.730807858104342,-0.206943464678021,0.0322734039207528,0.522481128979324,0.726308039669054,1.26879621578050,1.28790170132325,1.77519438202226,1.83086232980333,2.09757412398922,2.21936302278102,2.28974633797785
0.410000000000000,9,-1.75099313831708,-1.67937438905181,-1.56349581980415,-1.31554961316573,-1.21423487544484,-0.753802008608321,-0.723944736945580,-0.203669513039465,0.0417740935105142,0.527468230694037,0.735780816811879,1.27561961353642,1.29557796741660,1.78165973993785,1.83815925542916,2.10331930808789,2.22815590611880,2.29754901960784
0.420000000000000,9,-1.74550074105441,-1.67479253112033,-1.55632530644220,-1.31068638504171,-1.20645233561107,-0.748520902412067,-0.717071686603842,-0.200400578613553,0.0512754379249074,0.532487504805844,0.745253593100178,1.28245013194917,1.30327455919395,1.78814339994587,1.84544934172868,2.10907903331156,2.23696081516764,2.30537634408602
0.430000000000000,9,-1.74003429061294,-1.67022411953042,-1.54918321581326,-1.30584294006791,-1.19867330016584,-0.743275696445725,-0.710188472564414,-0.197136167146974,0.0607774434931492,0.537539103232534,0.754726377245339,1.28928789170208,1.31099099099099,1.79464531113233,1.85273224043716,2.11485267588695,2.24577760487267,2.31322858590978
0.440000000000000,9,-1.73459357277883,-1.66567015445939,-1.54206973763961,-1.30101925934873,-1.19089834515366,-0.738066586442038,-0.703294862294219,-0.193875765529309,0.0702801164879925,0.542623007743324,0.764199177951422,1.29613301099888,1.31872717788211,1.80116542198240,1.86000835770999,2.12064056939502,2.25460613186186,2.32110552763819
0.450000000000000,9,-1.72917880023296,-1.66112978709380,-1.53498505894097,-1.29621532314012,-1.18312782322061,-0.732893559928444,-0.696390625362857,-0.190618877492221,0.0797834631253539,0.547739399045212,0.773672003914248,1.30298560557740,1.32648295189164,1.80770368038958,1.86727748691099,2.12644254892122,2.26344625443737,2.32900649026460
0.460000000000000,9,-1.72378924960085,-1.65660340249779,-1.52792936392221,-1.29143111085451,-1.17536206595708,-0.727756653992395,-0.689475533563151,-0.187364955242309,0.0892874895639608,0.552888304285871,0.783144863820475,1.30984578872409,1.33425782116707,1.81426003366488,1.87454010301692,2.13225832075622,2.27229783256646,2.33693181818182
0.470000000000000,9,-1.71842496285290,-1.65209089173191,-1.52090283386174,-1.28666660106589,-1.16760168302945,-0.722655794991264,-0.682549361031091,-0.184113527460376,0.0987922019050147,0.558069883527454,0.792617766346685,1.31671367128899,1.34205186020293,1.82083442854615,1.88179625162368,2.13808801213961,2.28116072787188,2.34488067744419
0.480000000000000,9,-1.71308607417775,-1.64759246336357,-1.51390564700084,-1.28192177151514,-1.15984692375625,-0.717591125198098,-0.675611884364971,-0.180864046863559,0.108297606191850,0.563284103541369,0.802090720158469,1.32358936170143,1.34986474301172,1.82742681120734,1.88904613642796,2.14393226716839,2.29003480362186,2.35285322701221
0.490000000000000,9,-1.70777202072539,-1.64310747663551,-1.50693797843392,-1.27719659911544,-1.15209836941994,-0.712562627574689,-0.668662882743579,-0.177615956941586,0.117803708409629,0.568531116150164,0.811563733909526,1.33047296598620,1.35769641902726,1.83403712726797,1.89629005059022,2.14979001399907,2.29891992471960,2.36084905660377
0.500000000000000,9,-1.70248328557784,-1.63863668110071,-1.50000000000000,-1.27249105995784,-1.14435639323195,-0.707570374419240,-0.661702138043239,-0.174368800721371,0.127310514485028,0.573810994441013,0.821036816240750,1.33736458778034,1.36554648846623,1.84066532180249,1.90352771778258,2.15566188197767,2.30781595769248,2.36886854153041
0.510000000000000,9,-1.69721895808852,-1.63417951042611,-1.49309188017554,-1.26780512931707,-1.13662156263640,-0.702614226254501,-0.654729434953572,-0.171121987951807,0.136818030285941,0.579123639408317,0.830509975779339,1.34426432835036,1.37341474870831,1.84731133934977,1.91075949367089,2.16154766653371,2.31672277068076,2.37691069991955
0.520000000000000,9,-1.69197952218430,-1.62973621103118,-1.48621378396878,-1.26313878165735,-1.12889431887599,-0.697694278394535,-0.647744561091778,-0.167874979861447,0.146326261621214,0.584469328140214,0.839983221137897,1.35117228661005,1.38130116329168,1.85397512392266,1.91798582843359,2.16744730679157,2.32564023342609,2.38497542710040
0.530000000000000,9,-1.68676428366351,-1.62530689329556,-1.47936587281574,-1.25849199063848,-1.12117503059975,-0.692810557113251,-0.640747307115283,-0.164627223413649,0.155835214240356,0.589847991313789,0.849456560913543,1.35808855913860,1.38920539730135,1.86065661901748,1.92520641087907,2.17336120651038,2.33456821725953,2.39306286000501
0.540000000000000,9,-1.68157363819771,-1.62089116143170,-1.47254830447813,-1.25386472912203,-1.11346421394342,-0.687962962962963,-0.633737466832569,-0.161378205128205,0.165344893833298,0.595259593679458,0.858930003687025,1.36501324019932,1.39712716518800,1.86735576762368,1.93242217160213,2.17928902627512,2.34350659508941,2.40117252931323
0.550000000000000,9,-1.67640718562874,-1.61648936170213,-1.46576123294320,-1.24925696917764,-1.10576247364722,-0.683151515151515,-0.626714837312033,-0.158127353085611,0.174855306030138,0.600704225352113,0.868403558021843,1.37194642175866,1.40506653019447,1.87407251223339,1.93963233523320,2.18523051815585,2.35245524138884,2.40930431071276
0.560000000000000,9,-1.67126474987535,-1.61210131332083,-1.45900480832580,-1.24466868208950,-1.09807010634108,-0.678376268540203,-0.619679218988706,-0.154874120033409,0.184366456400914,0.606182026330853,0.877877232463377,1.37888819350564,1.41302296319597,1.88080679485113,1.94683776351971,2.19118600129618,2.36141403218295,2.41745780590717
0.570000000000000,9,-1.66614615865084,-1.60772659732541,-1.45227917677280,-1.24009983836295,-1.09038785834739,-0.673637042569081,-0.612630415768646,-0.151617917196552,0.193878350455382,0.611692777990065,0.887351035538009,1.38583864287167,1.42099659284497,1.88755855700343,1.95403808273145,2.19715546836685,2.37038284503590,2.42563291139240
0.580000000000000,9,-1.66105155691679,-1.60336605890603,-1.44558448036996,-1.23555040773122,-1.08271604938272,-0.668933881683012,-0.605568235130877,-0.148358181651880,0.203390993642804,0.617236662106703,0.896824975752272,1.39279785505070,1.42898719441211,1.89432773974857,1.96123384743643,2.20313862249346,2.37936155903772,2.43382928739233
0.590000000000000,9,-1.65598027127004,-1.59901900674433,-1.43892085705153,-1.23102035916225,-1.07505518763797,-0.664266767715044,-0.598492488226680,-0.145094339622642,0.212904391351758,0.622813546706364,0.906299061591981,1.39976591301965,1.43699421965318,1.90111428368623,1.96842525979217,2.20913593835993,2.38835005479084,2.44204685573366
0.600000000000000,9,-1.65093279388627,-1.59468578658794,-1.43228844051256,-1.22650966086575,-1.06740576496674,-0.659635560463832,-0.591402989976114,-0.141825838471951,0.222418548909943,0.628423549708863,0.915773301521394,1.40674289755924,1.44501786423184,1.90791812896728,1.97561226589833,2.21514675052411,2.39734821439657,2.45028537098228
0.610000000000000,9,-1.64590838908904,-1.59036608863199,-1.42568736012425,-1.22201828030023,-1.05976848570754,-0.655040245304714,-0.584299559161577,-0.138552068473609,0.231933471584017,0.634066587395957,0.925247703982362,1.41372888727495,1.45305770887166,1.91473921530346,1.98279512969825,2.22117144600366,2.40635592144125,2.45854453294714
0.620000000000000,9,-1.64090747961716,-1.58605990783410,-1.41911774085234,-1.21754618418027,-1.05214368482039,-0.650480882007976,-0.577182018518294,-0.135272423630923,0.241449164579427,0.639742673338099,0.934722277393493,1.42072395861843,1.46111366774045,1.92157748197714,1.98997400668400,2.22720994475138,2.41537306098241,2.46682408500590
0.630000000000000,9,-1.63592946362968,-1.58176757132916,-1.41257970317882,-1.21309333848387,-1.04453213077790,-0.645957193816885,-0.570050194821574,-0.131986336216295,0.250965633040262,0.645451623272260,0.944197030149324,1.42772818590893,1.46918542336549,1.92843286785107,1.99714919227114,2.23326248671626,2.42439951953468,2.47512384234331
0.640000000000000,9,-1.63097426470588,-1.57748868778280,-1.40607336302692,-1.20865970845988,-1.03693407466243,-0.641469338190650,-0.562903918970685,-0.128693214994745,0.260482882049118,0.651193710619111,0.953671970619492,1.43474164135517,1.47727300165397,1.93530531137811,2.00432069131061,2.23932853717026,2.43343518505559,2.48344370860927
0.650000000000000,9,-1.62604208019055,-1.57322340007852,-1.39959883168967,-1.20424525863559,-1.02935010482180,-0.637017070979335,-0.555743026069251,-0.125392428439520,0.270000916626965,0.656968689387642,0.963147107147928,1.44176439507727,1.48537604456824,1.94219475061099,2.01148875059837,2.24540857066809,2.44247994693135,2.49178307313065
0.660000000000000,9,-1.62113251605371,-1.56897182583242,-1.39315621576205,-1.19984995282437,-1.02178103315343,-0.632600258732212,-0.548567355502007,-0.122083379409488,0.279519741733037,0.662776562120107,0.972622448052040,1.44879651512890,1.49349463592787,1.94910112321202,2.01865369018654,2.25150214592275,2.45153369596243,2.50014200511218
0.670000000000000,9,-1.61624533775383,-1.56473345049795,-1.38674561707694,-1.19547375413347,-1.01422715215819,-0.628219078708741,-0.541376751007813,-0.118765447747005,0.289039362264726,0.668617185093933,0.982098001621917,1.45583806751964,1.50162828564782,1.95602436646284,2.02581521739130,2.25760950259837,2.46059632434910,2.50852017937220
0.680000000000000,9,-1.61138067931187,-1.56050893550893,-1.38036713264484,-1.19111662497188,-1.00668916119103,-0.623873173764377,-0.534171060748828,-0.115438020701843,0.298559783057492,0.674490699734278,0.991573776119537,1.46288911623746,1.50977701543739,1.96296441727413,2.03297400126823,2.26373082632360,2.46966772567692,2.51691729323308
0.690000000000000,9,-1.60653800708941,-1.55629770992366,-1.37402085459760,-1.18677852705830,-0.999167591564928,-0.619562484284637,-0.526950137375700,-0.112100478020433,0.308081008884774,0.680396873120866,1.00104977977798,1.46994972327136,1.51794043774668,1.96992121219532,2.04013015184382,2.26986564299424,2.47874779490216,2.52533333333333
0.700000000000000,9,-1.60171765968867,-1.55210016155089,-1.36770687013618,-1.18245942142918,-0.991663010092146,-0.615287028227085,-0.519713838088714,-0.108752179632292,0.317603044457934,0.686335672818647,1.01052602080066,1.47701994863410,1.52611858055984,1.97689468742424,2.04728340675477,2.27601410934744,2.48783642833715,2.53376804843968
0.710000000000000,9,-1.59691912708601,-1.54791592447453,-1.36142526148256,-1.17815926844690,-0.984175993824778,-0.611046646553725,-0.512462024694801,-0.105392491467577,0.327125894426182,0.692307063707384,1.02000250736053,1.48409985038508,1.53431115767418,1.98388477881682,2.05443453777569,2.28217620787657,2.49693352363564,2.54222108495394
0.720000000000000,9,-1.59214245336348,-1.54374520337682,-1.35517610583581,-1.17387802780798,-0.976707083599234,-0.606841129198434,-0.505194563660300,-0.102020769014875,0.336649563376539,0.698311007571345,1.02947924759938,1.49118948465331,1.54251812788398,1.99089142189673,2.06158322220875,2.28835227272727,2.50603897977813,2.55069227333631
0.730000000000000,9,-1.58738738738739,-1.53958785249458,-1.34895947533252,-1.16961565855138,-0.969257045260461,-0.602670516059184,-0.497911326159444,-0.0986363950993286,0.346174055833795,0.704347238185383,1.03895624962701,1.49828890566044,1.55073941866395,1.99791455186495,2.06873008648157,2.29454142421723,2.51515269705715,2.55918106206014
0.740000000000000,9,-1.58265381764270,-1.53544390915348,-1.34277543701149,-1.16537211906692,-0.961826203721466,-0.598534516004628,-0.490612188118472,-0.0952386849111510,0.355699376260485,0.710415871804655,1.04843352152055,1.50539816574388,1.55897435897436,2.00495410360941,2.07587460245343,2.30074441687345,2.52427457706256,2.56768802228412
0.750000000000000,9,-1.57794208256315,-1.53131344682180,-1.33662405278288,-1.16114736710372,-0.954415411024223,-0.594433187586648,-0.483297030255330,-0.0918269995229766,0.365225529056869,0.716516675489677,1.05791107132372,1.51251731537997,1.56722319859403,2.01201001171449,2.08301776871541,2.30696105489114,2.53340452266688,2.57621216180016
0.760000000000000,9,-1.57325120985482,-1.52719621251973,-1.33050537940174,-1.15694135977875,-0.947025264873676,-0.590366242038217,-0.475965738114914,-0.0884006800052308,0.374752518560930,0.722649572649573,1.06738890704607,1.51964640320723,1.57548579970105,2.01908221047058,2.09015910430171,2.31319148936170,2.54254243801060,2.58475336322870
0.770000000000000,9,-1.56858147713951,-1.52309236947791,-1.32441946844603,-1.15275405358544,-0.939656141139454,-0.586333578251286,-0.468618202099811,-0.0849590591855800,0.384280349048379,0.728814557446558,1.07686703666229,1.52678547604953,1.58376184032476,2.02617063388355,2.09729944400318,2.31943510423672,2.55168822848752,2.59331210191083
0.780000000000000,9,-1.56393298059965,-1.51900170164492,-1.31836636629916,-1.14858540440230,-0.932308818148555,-0.582335113291961,-0.461254317496528,-0.0815014783391181,0.393809024732669,0.735011441647597,1.08634546811152,1.53393457893948,1.59205116491549,2.03327521568417,2.10443814919736,2.32569245463228,2.56084180073016,2.60188734886464
0.790000000000000,9,-1.55930521091811,-1.51492447129909,-1.31234611413701,-1.14443536750172,-0.924984005118362,-0.578370652691758,-0.453873984497167,-0.0780272466818687,0.403338549765021,0.741240030872138,1.09582420929663,1.54109375514160,1.60035366931919,2.04039588933755,2.11157601115760,2.33196300102775,2.57000306259510,2.61047928513404
0.800000000000000,9,-1.55469845722300,-1.51086048454469,-1.30635874791944,-1.14030389755870,-0.917682168614772,-0.574440052700922,-0.446477108216564,-0.0745357098342266,0.412868928234460,0.747500316415644,1.10530326808355,1.54826304617570,1.60866910866911,2.04753258805245,2.11871281773932,2.33824733824734,2.57917192314854,2.61908748430306
0.810000000000000,9,-1.55011219147345,-1.50680973999175,-1.30040429838634,-1.13619094865968,-0.910404060121023,-0.570543093270366,-0.439063598704883,-0.0710261569416499,0.422400164167859,0.753792112406195,1.11478265230060,1.55544249184012,1.61699748392508,2.05468524479062,2.12584880036216,2.34454470877769,2.58834829265170,2.62771168649405
0.820000000000000,9,-1.54554655870445,-1.50277200277200,-1.29448279105820,-1.13209647431148,-0.903150276713495,-0.566679702776691,-0.431633370955659,-0.0674979389942292,0.431932261529999,0.760115354365114,1.12426236973781,1.56263213023498,1.62533854950346,2.06185379227606,2.13298429319372,2.35085611294683,2.59753208254650,2.63635216952573
0.830000000000000,9,-1.54100106496273,-1.49874776386404,-1.28859424624110,-1.12802042745020,-0.895921450151057,-0.562849682954122,-0.424186344909349,-0.0639503507825148,0.441465224223628,0.766469786460700,1.13374242814625,1.56983199778547,1.63369217340704,2.06903816300421,2.14011925042590,2.35718071012189,2.60672320544110,2.64500829973915
0.840000000000000,9,-1.53647586980920,-1.49473649582209,-1.28273867903617,-1.12396276045017,-0.888718173836699,-0.559052924791086,-0.416722445452377,-0.0603827072997874,0.450999056089541,0.772855416834474,1.14322283523743,1.57704212926496,1.64205816554810,2.07623828925112,2.14725407362704,2.36351875808538,2.61592157509567,2.65367965367965
0.850000000000000,9,-1.53197099538563,-1.49073839127125,-1.27691609935345,-1.11992342513303,-0.881541115583669,-0.555289181899910,-0.409241602411746,-0.0567943030586038,0.460533760906661,0.779272054287477,1.15270359868265,1.58426255781826,1.65043638033992,2.08345410308255,2.15438871473354,2.36987012987013,2.62512710640811,2.66236679753225
0.860000000000000,9,-1.52748610253243,-1.48675348001796,-1.27112651193011,-1.11590237277672,-0.874391092553932,-0.551558291650635,-0.401743750545237,-0.0531844499586435,0.470069342392134,0.785719511302948,1.16218472611235,1.59149331498463,1.65882686313403,2.09068553636300,2.16152330925804,2.37623466028135,2.63433971539996,2.67106918238994
0.870000000000000,9,-1.52302100161551,-1.48278167836844,-1.26536991635293,-1.11189955412462,-0.867268623024831,-0.547860101242522,-0.394228829527277,-0.0495524454774739,0.479605804201433,0.792197659297789,1.17166622511551,1.59873443072088,1.66722915963551,2.09793252076469,2.16865808823529,2.38261296660118,2.64355931920230,2.67978620019436
0.880000000000000,9,-1.51857568074082,-1.47882268485284,-1.25964630708510,-1.10791491939461,-0.860174308450171,-0.544194419441944,-0.386696783930510,-0.0458975940777298,0.489143149928470,0.798706240487062,1.18114810323908,1.60598593342433,1.67564332734889,2.10519498777652,2.17579313342025,2.38900414937759,2.65278583604181,2.68851774530271
0.890000000000000,9,-1.51415004748338,-1.47487711632987,-1.25395567349704,-1.10394841828827,-0.853108808290155,-0.540561031084155,-0.379147563203172,-0.0422191789972945,0.498681383105714,0.805245264691598,1.19063036798734,1.61324784995569,1.68406909788868,2.11247286871287,2.18292866837581,2.39540889526542,2.66201918522687,2.69726390114740
0.900000000000000,9,-1.50974398165839,-1.47094430992736,-1.24829799990145,-1.10000000000000,-0.846072931276297,-0.536959818043973,-0.371581121642325,-0.0385165070744605,0.508220507204322,0.811814644499469,1.20011302682134,1.62052020566188,1.69250645994832,2.11976609472243,2.19006479481641,2.40182686667225,2.67125928713379,2.70602482591583
0.910000000000000,9,-1.50535714285714,-1.46702453987730,-1.24267326559219,-1.09606961322622,-0.839067151835925,-0.533390515868153,-0.363997418363058,-0.0347888675623800,0.517760525634280,0.818413855970829,1.20959608715835,1.62780302439880,1.70095518001469,2.12707459679690,2.19720186542305,2.40825813508340,2.68050606319314,2.71479958890031
0.920000000000000,9,-1.50098986840573,-1.46311787072243,-1.23708144488718,-1.09215720617457,-0.832092330603127,-0.529852985298530,-0.356396417263727,-0.0310355583281347,0.527301441744551,0.825043029259897,1.21907955637124,1.63509632855389,1.70941515866772,2.13439830577967,2.20433946717935,2.41470258136925,2.68975943587613,2.72358834244080
0.930000000000000,9,-1.49664164361912,-1.45922406967538,-1.23152250717504,-1.08826272657314,-0.825149020720976,-0.526346950858496,-0.348778086987362,-0.0272558610220948,0.536843258823223,0.831701926113041,1.22856344178802,1.64240013906871,1.71788617886179,2.14173715237438,2.21147847785402,2.42116040955631,2.69901932868121,2.73239081040141
0.940000000000000,9,-1.49231262011531,-1.45534315261674,-1.22599641696537,-1.08438612167967,-0.818237831176833,-0.522872340425532,-0.341142400879313,-0.0234490755652902,0.546385980097683,0.838390290641967,1.23804775069123,1.64971447546136,1.72636837916704,2.14909106715346,2.21861836562763,2.42763105081480,2.70828566612063,2.74120696038504
0.950000000000000,9,-1.48800239952010,-1.45147515527950,-1.22050313394266,-1.08052733829081,-0.811359623307828,-0.519428838951311,-0.333489336941290,-0.0196144970815800,0.555929608734779,0.845108035931051,1.24753249031743,1.65703935584877,1.73486134691568,2.15645998056653,2.22575950518465,2.43411513859275,2.71755837370726,2.75003645909290
0.960000000000000,9,-1.48371104815864,-1.44762003741426,-1.21504261302365,-1.07668632275133,-0.804514777751920,-0.516016307513104,-0.325818877781873,-0.0157514140473974,0.565474147841008,0.851854981830474,1.25701766785671,1.66437479696891,1.74336498660823,2.16384382294880,2.23290203327172,2.44061220090537,2.72683737794141,2.75887924230466
0.970000000000000,9,-1.47943831494483,-1.44377771980172,-1.20961480441789,-1.07286302096338,-0.797704208950258,-0.512634475856893,-0.318131010563645,-0.0118591236430081,0.575019600462703,0.858630952380952,1.26650329045218,1.67172081420285,1.75187922826359,2.17124252452935,2.24004638577503,2.44712247909493,2.73612260629783,2.76773496579042
0.980000000000000,9,-1.47518427518427,-1.43994834266035,-1.20421965369170,-1.06905737839570,-0.790928527794747,-0.509283246977547,-0.310425726947068,-0.00793692509855453,0.584565969586221,0.865435615361949,1.27598936519946,1.67907742159670,1.76040404040404,2.17865601543931,2.24719242902208,2.45364583333333,2.74541398721279,2.77660377358491
0.990000000000000,9,-1.47094890510949,-1.43613156602847,-1.19885710183498,-1.06526934009291,-0.784188307534860,-0.505962331438761,-0.302703023031230,-0.00398411544850498,0.594113258138157,0.872268907563025,1.28547589914619,1.68644463188342,1.76893898341823,2.18608422572002,2.25434027777778,2.46018237082067,2.75471145007133,2.78548490687219
1.00000000000000,9,-1.46673180397071,-1.43232758620690,-1.19352708533105,-1.06149885068464,-0.777484250881437,-0.502671511006625,-0.294962899291599,0.000000000000000,0.603661468985547,0.879130693658827,1.29496289929160,1.69382245650451,1.77748425088144,2.19352708533105,2.26148969889065,2.46673180397071,2.76401492519458,2.79437869822485
1.01000000000000,9,-1.46253305906553,-1.42853640598186,-1.18822953622931,-1.05774585439485,-0.770817019055077,-0.499410609037328,-0.287205360514930,0.00401611513708002,0.613210604936090,0.886020651310564,1.30445037258603,1.70121090563152,1.78603945371775,2.20098452415821,2.26864147088866,2.47329434697856,2.77332434382724,2.80328480776409
1.02000000000000,9,-1.45835250805338,-1.42475799354649,-1.18296438222039,-1.05401029505095,-0.764187327823691,-0.496179381185018,-0.279430415731467,0.00806491885143571,0.622760668738370,0.892938713361249,1.31393832593048,1.70860998818743,1.79460482725982,2.20845647202137,2.27579556412729,2.47986986579911,2.78263963812516,2.81220285261490
1.03000000000000,9,-1.45418994413408,-1.42099214709826,-1.17773154671393,-1.05029211609303,-0.757595557007514,-0.492977604251396,-0.271638078144572,0.0121470937129300,0.632311663082091,0.899884593190998,1.32342676617619,1.71601971186790,1.80318006016330,2.21594285868232,2.28295185477506,2.48645833333333,2.79196074114304,2.82113303628262
1.04000000000000,9,-1.45004527618473,-1.41723901098901,-1.17253094891868,-1.04659126058300,-0.751042669233237,-0.489805063858391,-0.263828365057941,0.0162633214920071,0.641863590598317,0.906858054226475,1.33291570012418,1.72344008316237,1.81176492586152,2.22344361385244,2.29011065006916,2.49305974652987,2.80128758682232,2.83007518796992
1.05000000000000,9,-1.44591859680684,-1.41349850491243,-1.16736250392468,-1.04290767121376,-0.744529262086514,-0.486661585365854,-0.256001297800555,0.0204142720306513,0.651416453859714,0.913859111791731,1.34240513452489,1.73087110737494,1.82035928143713,2.23095866720035,2.29727187206021,2.49967426710098,2.81062010997911,2.83902922238732
1.06000000000000,9,-1.44180955855527,-1.40977047799537,-1.16222612278767,-1.03924129031830,-0.738055709278731,-0.483546934534119,-0.248156901649503,0.0246006076644124,0.660970255380801,0.920887245841035,1.35189507607774,1.73831278864521,1.82896329164986,2.23848794835944,2.30443575569637,2.50630136986301,2.81995824629229,2.84799437016186
1.07000000000000,9,-1.43771827706636,-1.40605520926091,-1.15712171261523,-1.03559205987881,-0.731622887395642,-0.480460808674046,-0.240295205750839,0.0288229919428524,0.670524997618221,0.927942497753819,1.36138553143076,1.74576512996880,1.83757682177349,2.24603138693531,2.31160220994475,2.51294151294151,2.82930193229179,2.85697115384615
1.08000000000000,9,-1.43364461396817,-1.40235221293717,-1.15204917665476,-1.03195992153574,-0.725231249303466,-0.477403074099564,-0.232416243038615,0.0330820770519263,0.680080682970989,0.935024477080552,1.37087650718020,1.75322813321789,1.84619917501473,2.25358891251317,2.31877213695395,2.51959459459460,2.83865110534686,2.86595885865959
1.09000000000000,9,-1.42958836273600,-1.39866194411649,-1.14700841438302,-1.02834481659683,-0.718881539386651,-0.474373447730865,-0.224520050152246,0.0373784885544058,0.689637313780775,0.942133249921802,1.38036800987019,1.76070179916140,1.85483103284150,2.26116045466508,2.32594458438287,2.52626050420168,2.84800570365466,2.87495764147747
1.10000000000000,9,-1.42554956449606,-1.39498413838511,-1.14199932159711,-1.02474668604613,-0.712574153774573,-0.471371769383698,-0.216606667352352,0.0417128721317069,0.699194892332179,0.949268396881341,1.38986004599234,1.76818612748517,1.86347197106691,2.26874594295712,2.33312020460358,2.53293885601578,2.85736566622878,2.88396756082346
1.11000000000000,9,-1.42152777777778,-1.39131886477462,-1.13702179050676,-1.02116547055294,-0.706309877766766,-0.468397745571659,-0.208676138435221,0.0460858397299961,0.708753420853015,0.956429780033841,1.39935262198544,1.77568111681185,1.87212150906418,2.27634530695654,2.34029887012514,2.53963011889036,2.86673093288808,2.89298789073500
1.12000000000000,9,-1.41752325012237,-1.38766581992662,-1.13207570982773,-1.01760111048076,-0.700089126559715,-0.465451202696491,-0.200728510646058,0.0504980079681275,0.718312901514593,0.963617096432356,1.40884574423511,1.78318676472066,1.88077994428969,2.28395847623867,2.34748102139406,2.54633471645920,2.87610144424550,2.90201900237530
1.13000000000000,9,-1.41353591160221,-1.38402527075812,-1.12716096487628,-1.01405354589615,-0.693912616593029,-0.462531860662702,-0.192763834591132,0.0549499642601858,0.727873336432024,0.970830216903515,1.41833941907347,1.79070306776700,1.88944723618090,2.29158538039394,2.35466642527383,2.55305131761442,2.88547714169712,2.91106043329532
1.14000000000000,9,-1.40956551027282,-1.38039710053577,-1.12227743766443,-1.01052271657761,-0.687780772686433,-0.459639595161689,-0.184782164149006,0.0594422943336310,0.737434727664512,0.978068926231843,1.42783365277887,1.79823002150182,1.89812307404986,2.29922594903457,2.36185537309133,2.55978085723493,2.89485796741128,2.92011212333567
1.15000000000000,9,-1.40561184723305,-1.37678122380553,-1.11742500699598,-1.00700856202434,-0.681694237411380,-0.456774006382361,-0.176783556380952,0.0639755766621438,0.746997077215663,0.985333097720445,1.43732845157553,1.80576762049085,1.90680742628322,2.30688011180140,2.36904794881028,2.56652311876700,2.90424386431783,2.92917420132610
1.16000000000000,9,-1.40167516387473,-1.37317768277979,-1.11260354856304,-1.00351102146502,-0.675653370013755,-0.453934998656997,-0.168768071440716,0.0685503685503686,0.756560387033796,0.992622401073105,1.44682382163332,1.81331585833363,1.91550025920166,2.31454779837044,2.37624419376244,2.57327809425168,2.91363477609759,2.93824597820446
1.17000000000000,9,-1.39775500244021,-1.36958645392380,-1.10781293504314,-1.00003003386650,-0.669658886894075,-0.451122375090514,-0.160735772483756,0.0731671979136482,0.766124659012256,0.999936632659527,1.45631976906743,1.82087472768241,1.92420113945999,2.32222893845946,2.38344433872502,2.58004535147392,2.92303064717184,2.94732824427481
1.18000000000000,9,-1.39385150812065,-1.36600745199197,-1.10305303619645,-0.996565537942466,-0.663711107528615,-0.448335745296671,-0.152686725576090,0.0778266013182356,0.775689894989736,1.00727566693614,1.46581629993817,1.82844422026075,1.93291024478695,2.32992346183436,2.39064801178203,2.58682557990516,2.93243142269198,2.95641931684334
1.19000000000000,9,-1.38996444093244,-1.36244062842528,-1.09832371896337,-0.993117472162004,-0.657810578105781,-0.445575084798026,-0.144620999602869,0.0825290945217144,0.785256096750602,1.01463907117617,1.47531342025064,1.83602432688206,1.94162760971453,2.33763129831560,2.39785586658725,2.59361830222757,2.94183704852935,2.96552069760449
1.20000000000000,9,-1.38609383832674,-1.35888610763454,-1.09362484756209,-0.989685774758184,-0.651957737725295,-0.442839951865223,-0.136538666176837,0.0872751658563456,0.794823266025218,1.02202699261523,1.48481113595455,1.84361503746786,1.95035282258065,2.34535237778437,2.40506780870807,2.60042347247429,2.95124747126511,2.97463126843658
1.21000000000000,9,-1.38223938223938,-1.35534360479335,-1.08895628358601,-0.986270383736529,-0.646153056510804,-0.440130328536519,-0.128439799546753,0.0920652865116936,0.804391404490292,1.02943882244710,1.49430945294398,1.85121634106591,1.95908607863975,2.35308663018879,2.41228379809389,2.60724106324473,2.96066263818032,2.98375116063138
1.22000000000000,9,-1.37840136054422,-1.35181347150259,-1.08431788610113,-0.982871236883445,-0.640396964389959,-0.437445824906097,-0.120324476505917,0.0968999114260407,0.813960513769203,1.03687477181453,1.50380837705712,1.85882822586812,1.96782700421941,2.36083398554994,2.41950375072129,2.61407139161925,2.97008249724612,2.99288025889968
1.23000000000000,9,-1.37457943925234,-1.34829520932240,-1.07970951174303,-0.979488271774596,-0.634689772551447,-0.434786239144957,-0.112192776300925,0.101779493456360,0.823530595432345,1.04433427762040,1.51330791407611,1.86645067922826,1.97657557166760,2.36859437396784,2.42672811059908,2.62091396975118,2.97950699711399,3.00201884253028
1.24000000000000,9,-1.37077341624563,-1.34478894284647,-1.07513101481344,-0.976121425783207,-0.629031995440853,-0.432151426286324,-0.104044780540742,0.106704438149197,0.833101650997480,1.05181720043181,1.52280806972686,1.87408368767952,1.98533186651999,2.37636772562733,2.43395714673176,2.62776898734177,2.98893608710621,3.01116625310174
1.25000000000000,9,-1.36698337292161,-1.34129496402878,-1.07058224737638,-0.972770636088309,-0.623423928271224,-0.429541047188106,-0.0958805731061905,0.111675154492932,0.842673681930086,1.05932353462015,1.53230884967877,1.88172723695182,1.99409554482018,2.38415397080379,2.44119059049448,2.63463646328097,2.99836971720640,3.02032176121931
1.26000000000000,9,-1.36320939334638,-1.33781278962002,-1.06606305935355,-0.969435839682927,-0.617865927701840,-0.426954991199397,-0.0877002400599989,0.116692009613970,0.852246689643703,1.06685285390120,1.54181025954468,1.88938131198901,2.00286697247706,2.39195303986887,2.44842801985659,2.64151651651652,3.00780783805021,3.02948671277758
1.27000000000000,9,-1.35945108455069,-1.33434282253180,-1.06157329861918,-0.966116973382184,-0.612358301844854,-0.424392935982340,-0.0795038695574479,0.121755368814192,0.861820675500305,1.07440496487758,1.55131230488060,1.89704589696578,2.01164556962025,2.39976486329603,2.45567069660334,2.64840858623242,3.01725040091609,3.03866017411834
1.28000000000000,9,-1.35570854847963,-1.33088470137336,-1.05711281109391,-0.962813973831353,-0.606901458555674,-0.421854734111544,-0.0712915517577575,0.126865559253626,0.871395640810654,1.08197969543147,1.56081499118562,1.90472097530444,2.02043132803632,2.40758937166605,2.46291768541157,2.65531335149864,3.02669735771626,3.04784191367655
1.29000000000000,9,-1.35198153748209,-1.32743837084673,-1.05268144083788,-0.959526777513833,-0.601495430628635,-0.419340159271900,-0.0630633787362651,0.132022906670794,0.880971586834663,1.08957693216734,1.57031832390174,1.91240652969149,2.02922422954304,2.41542649567241,2.47016949152542,2.66222998036221,3.03614866098768,3.05703211517165
1.30000000000000,9,-1.34826999432785,-1.32400408580184,-1.04827903014281,-0.956255320759064,-0.596140825998646,-0.416848889400391,-0.0548194443975001,0.137227695296240,0.890548514781766,1.09719626168224,1.57982230841376,1.92010254209400,2.03802416488984,2.42327616612655,2.47742605085625,2.66915887850467,3.04560426388330,3.06623058053966
1.31000000000000,9,-1.34457414613057,-1.32058165548098,-1.04390541962306,-0.952999539750348,-0.590837593393630,-0.414380825565912,-0.0465598443892246,0.142480172185040,0.900126425811295,1.10483762296187,1.58932695004913,1.92780899377577,2.04683109584764,2.43113831396315,2.48468762760310,2.67610062893082,3.05506412016329,3.07543698252070
1.32000000000000,9,-1.34089347079038,-1.31717098067809,-1.03956044830550,-0.949759370532629,-0.585586053027552,-0.411935569052020,-0.0382846760175061,0.147780608823924,0.909705321032844,1.11250078562001,1.59883225407787,1.93552586531335,2.05564516129032,2.43901287024513,2.49195402298851,2.68305378831695,3.06452818418643,3.08465189873418
1.33000000000000,9,-1.33722804190169,-1.31377213851441,-1.03524395371827,-0.946534749020171,-0.580386438206343,-0.409513087531663,-0.0299940381629105,0.153129230448818,0.919285201506654,1.12018561484919,1.60833822571245,1.94325313661182,2.06446565482710,2.44689976616873,2.49922540666150,2.69001982815598,3.07399641090170,3.09387430389817
1.34000000000000,9,-1.33357798165138,-1.31038506417736,-1.03095577197823,-0.943325611004180,-0.575238853503185,-0.407113129020053,-0.0216880311978587,0.158526226375027,0.928866068243988,1.12789160608063,1.61784487010768,1.95099078692037,2.07329317269076,2.45479893306841,2.50650195058518,2.69699727024568,3.08346875583982,3.10310486233158
1.35000000000000,9,-1.32994294219797,-1.30700976042591,-1.02669573787711,-0.940131892160340,-0.570143379252179,-0.404735376044568,-0.0133667569052187,0.163971760419039,0.938447922207518,1.13561893203884,1.62735219236069,1.95873879484772,2.08212712397734,2.46271030242164,2.51378326996198,2.70398773006135,3.09294517510510,3.11234294161123
1.36000000000000,9,-1.32632293080054,-1.30364614465033,-1.02246368496627,-0.936953528056274,-0.565100269380425,-0.402379664683613,-0.00503031839818213,0.169465977605512,0.948030764311707,1.14336704342653,1.63686019751079,1.96649713837736,2.09096774193548,2.47063380585366,2.52107023411371,2.71098967820279,3.10242562536721,3.12158842794760
1.37000000000000,9,-1.32271795680277,-1.30029399412012,-1.01825944564008,-0.933790454158933,-0.560109589041096,-0.400045798030685,0.00332117995850711,0.175009021083561,0.957614595423194,1.15113598946329,1.64636889053948,1.97426579488249,2.09981477670302,2.47856937514209,2.52836201402167,2.71800367421923,3.11191006385325,3.13084155435135
1.38000000000000,9,-1.31912784935580,-1.29695370592468,-1.01408285121777,-0.930642605841899,-0.555171329770512,-0.397733554449972,0.0116876326259642,0.180600981193786,0.967199416361187,1.15892557358702,1.65587827637031,1.98204474114094,2.10866834170854,2.48651694222149,2.53565950920245,2.72503008423586,3.12139844833977,3.14010209869540
1.39000000000000,9,-1.31555247661933,-1.29362494183341,-1.00993373202385,-0.927509918392605,-0.550285714285714,-0.395442677427012,0.0200689329671211,0.186241938635920,0.976785227897859,1.16673545191911,1.66538835986895,1.98983395334974,2.11752815477909,2.49447643918778,2.54296235679214,2.73206809935808,3.13089073714501,3.14936990363232
1.40000000000000,9,-1.31199186991870,-1.29030776297657,-1.00581191746690,-0.924392327019496,-0.545452522420277,-0.393172938515320,0.0284649733212334,0.191931982633864,0.986372030758729,1.17456556082149,1.67489914584306,1.99763340713956,2.12639405204461,2.50244779830260,2.55027027027027,2.73911822521764,3.14038688912121,3.15864490807684
1.41000000000000,9,-1.30844594594595,-1.28700225394440,-1.00171723611683,-0.921289766859076,-0.540671971706454,-0.390924229808493,0.0368756450768876,0.197671075330650,0.995959825623072,1.18241536129358,1.68441063904233,2.00544307758899,2.13526641153959,2.51043095199761,2.55758395312148,2.74618038442583,3.14988686364701,3.16792698826597
1.42000000000000,9,-1.30491452991453,-1.28370807499813,-0.997649515780502,-0.918202172982902,-0.535943892460549,-0.388696255201110,0.0453008387434655,0.203459262630860,1.00554861312430,1.19028520499109,1.69392284415844,2.01326293923860,2.14414472413571,2.51842583287860,2.56490305619455,2.75325443786982,3.15939062062000,3.17721614485100
1.43000000000000,9,-1.30139771283354,-1.28042553191489,-0.993608583575737,-0.915129480404485,-0.531268264172998,-0.386488837344158,0.0537404440210714,0.209296513807322,1.01513839385039,1.19817432273263,1.70343576582505,2.02109296610476,2.15302911093627,2.52643237372962,2.57222787385554,2.76034063260341,3.16889812044934,3.18651211801897
1.44000000000000,9,-1.29789530491095,-1.27715427049648,-0.989594266003642,-0.912071624086101,-0.526645091693635,-0.384301732925586,0.0621943498688531,0.215182807703042,1.02472916834424,1.20608300170551,1.71294940861785,2.02893313169336,2.16191936897458,2.53445050751694,2.57955801104972,2.76743814844373,3.17840932404850,3.19581503487471
1.45000000000000,9,-1.29440715883669,-1.27389443651926,-0.985606389019259,-0.909028538945526,-0.522074281709881,-0.382134795227346,0.0706624445717532,0.221118061604244,1.03432093710411,1.21401077752117,1.72246377705453,2.03678340901330,2.17081545064378,2.54248016739297,2.58689390302448,2.77454780361757,3.18792419282812,3.20512459524145
1.46000000000000,9,-1.29093324476918,-1.27064595257563,-0.981644778100528,-0.906000159862694,-0.517555615116591,-0.379987722529159,0.0791446158056197,0.227102184948135,1.04391370058401,1.22195744680851,1.73197887559483,2.04464377058975,2.17971758664955,2.55052128670007,2.59423558897243,2.78166915052161,3.19744268868893,3.21444082519001
1.47000000000000,9,-1.28747361013371,-1.26740900781120,-0.977709258315536,-0.902986421686252,-0.513089005235602,-0.377860411899314,0.0876407507007034,0.233135089209856,1.05350745919411,1.22992299229923,1.74149470864057,2.05251418847733,2.18862520458265,2.55857379897427,2.60158311345646,2.78880226789511,3.20696477401481,3.22376357056695
1.48000000000000,9,-1.28402817437655,-1.26418338108882,-0.973799654388050,-0.899987259240043,-0.508674304418985,-0.375752599890531,0.0961507359035130,0.239216600606202,1.06310221330113,1.23790690599331,1.75101128053566,2.06039463427296,2.19753846153846,2.56663763794888,2.60893597420544,2.79594721960415,3.21649041166596,3.23309258043335
1.49000000000000,9,-1.28059675600659,-1.26096892138940,-0.969915790761328,-0.897002607329508,-0.504311406750431,-0.373664122137405,0.104674457637026,0.245346621720651,1.07269796322876,1.24590930341281,1.76052859556621,2.06828507912866,2.20645748067303,2.57471273755810,2.61629526462395,2.80310378273521,3.22601956497209,3.24242843313511
1.50000000000000,9,-1.27717931662881,-1.25776566757493,-0.966057491660207,-0.894032400747985,-0.500000000000000,-0.371594735231099,0.113211801759251,0.251524958822095,1.08229470925809,1.25392986698912,1.77004665796055,2.07618549376409,2.21538195184945,2.58279903194041,2.62366034624897,2.81027240595726,3.23555219772581,3.25177025963808
1.51000000000000,9,-1.27377579927155,-1.25457376411055,-0.962224581151461,-0.891076574282940,-0.495739910313901,-0.369544287548139,0.121762653820148,0.257751415475869,1.09189245162795,1.26196859440827,1.77956547188930,2.08409584847892,2.22431192660550,2.59089645544201,2.63103089205137,2.81745235707121,3.24508827417607,3.26111845002202
1.52000000000000,9,-1.27038609888183,-1.25139291285937,-0.958416883202439,-0.888135062722100,-0.491530840524129,-0.367512515104436,0.130326899116891,0.264025738990549,1.10149119053540,1.27002503128911,1.78908504146547,2.09201611316503,2.23324716643468,2.59900494262008,2.63840766678953,2.82464404239375,3.25462775902167,3.27047289504037
1.53000000000000,9,-1.26701030927835,-1.24822335025381,-0.954634221737982,-0.885207800859503,-0.487372618520160,-0.365499311821379,0.138904422747496,0.270347761746208,1.11109092613610,1.27809917355372,1.79860537074450,2.09994625731850,2.24218780941820,2.60712442824598,2.64579055441479,2.83184713375796,3.26417061740491,3.27983293556086
1.54000000000000,9,-1.26364790520525,-1.24506466984343,-0.950876420695626,-0.882294723501470,-0.483264953573742,-0.363504397574930,0.147495109662810,0.276717181657154,1.12069165854470,1.28619047619048,1.80812646372442,2.10788625005146,2.25113378684807,2.61525484730840,2.65317919075145,2.83906199807260,3.27371681490532,3.28919929175684
1.55000000000000,9,-1.26029940814669,-1.24191729323308,-0.947143304079111,-0.879395765472468,-0.479207532365634,-0.361527647610122,0.156098844716873,0.283133795421130,1.13029338783529,1.29429945054945,1.81764832434588,2.11583606010374,2.26008492569002,2.62339613501636,2.66057413181378,2.84628820960699,3.28326631753344,3.29857142857143
1.56000000000000,9,-1.25696445725264,-1.23878097789685,-0.943434696010193,-0.876510861620918,-0.475200000000000,-0.359568812758417,0.164715512715661,0.289597232517915,1.13989611404179,1.30242510699001,1.82717095649229,2.12379565585435,2.26904109589041,2.63154822680224,2.66797488226060,2.85352622061483,3.29281909172478,3.30794923179693
1.57000000000000,9,-1.25364298724954,-1.23565559621625,-0.939750420778774,-0.873639946824879,-0.471242083494895,-0.357627724187210,0.173344998464235,0.296107211231653,1.14949983715838,1.31056793673616,1.83669436398996,2.13176500533274,2.27800220345208,2.63971105832458,2.67538233843118,2.86077558804832,3.30237510433375,3.31733333333333
1.58000000000000,9,-1.25033483501766,-1.23254122211445,-0.936090302891378,-0.870782955997685,-0.467333440877561,-0.355704239776063,0.181987186812280,0.302663438256659,1.15910455713988,1.31872749099640,1.84621855060818,2.13974407622998,2.28696857670980,2.64788456547092,2.68279569892473,2.86803634926906,3.31193432262782,3.32672233820459
1.59000000000000,9,-1.24704011309419,-1.22943784866257,-0.932454167117981,-0.867939824093457,-0.463473633284954,-0.353798126951093,0.190641962698098,0.309265571738457,1.16871027390219,1.32690355329949,1.85574352005937,2.14773283590965,2.29593972373378,2.65606868436051,2.69021479713604,2.87530864197531,3.32149671428162,3.33611760775142
1.60000000000000,9,-1.24375866851595,-1.22634538152610,-0.928841838537211,-0.865110486112556,-0.459662388838596,-0.351909184726522,0.199309211191019,0.315913291883717,1.17831698732267,1.33509583608724,1.86526927599924,2.15573125141865,2.30491599253267,2.66426335134696,2.69764065335753,2.88259200722511,3.33106224737123,3.34551784160139
1.61000000000000,9,-1.24049049049049,-1.22326374094589,-0.925253142579938,-0.862294877106938,-0.455899258020692,-0.350037285607755,0.207988817532298,0.322606172513849,1.18792469724061,1.34330444506570,1.87479582202688,2.16373928949778,2.31389664804469,2.67246850302076,2.70507246376812,2.88988689288090,3.34063089036855,3.35492399206874
1.62000000000000,9,-1.23723554301834,-1.22019297036526,-0.921687905071288,-0.859492932185419,-0.452183842420782,-0.348182210087656,0.216680667174480,0.329343876896773,1.19753340345755,1.35152922957801,1.88432316168499,2.17175691659221,2.32288228822882,2.68068407621182,2.71251071122536,2.89719310111600,3.35020261213566,3.36433512682552
1.63000000000000,9,-1.23399355135882,-1.21713316369805,-0.918145952271082,-0.856704586518859,-0.448515769944341,-0.346343757347755,0.225384645819285,0.336126005361930,1.20714310573780,1.35976960567124,1.89385129845996,2.17978409886169,2.33187294633078,2.68891000799184,2.71995528228060,2.90451083772701,3.35977738191937,3.37375178316691
1.64000000000000,9,-1.23076474362714,-1.21408400988352,-0.914627110912750,-0.853929775345262,-0.444894584539066,-0.344521849271691,0.234100639454006,0.342952107569119,1.21675380380875,1.36802575107296,1.90338023578210,2.18782080219069,2.34086799276673,2.69714623567665,2.72740631888317,2.91183943089431,3.36935516934582,3.38317384370016
1.65000000000000,9,-1.22754895340986,-1.21104567881585,-0.911131208240716,-0.851168433974782,-0.441319835020622,-0.342716192687174,0.242828534386483,0.349821869005207,1.22636549736134,1.37629757785467,1.91290997702576,2.19586699219833,2.34986747444150,2.70539269682847,2.73486328125000,2.91917935965185,3.37893594441511,3.39260098150245
1.66000000000000,9,-1.22434584755404,-1.20801799959092,-0.907658072046302,-0.848420497794647,-0.437791134485349,-0.340926640926641,0.251568217278632,0.356734816596512,1.23597818605046,1.38458450421517,1.92244052550958,2.20392263424809,2.35887154518115,2.71364932925809,2.74232690935046,2.92653061224490,3.38851967749610,3.40203327171904
1.67000000000000,9,-1.22115572967679,-1.20500112637982,-0.904207530702170,-0.845685902274003,-0.434307992202729,-0.339153094462541,0.260319575178590,0.363690515586736,1.24559186949534,1.39288668320926,1.93197188449658,2.21198769345750,2.36788008565311,2.72191607102700,2.74979691307880,2.93389296956978,3.39810633932117,3.41147049016339
1.68000000000000,9,-1.21797839506173,-1.20199479618387,-0.900779413195323,-0.842964582968655,-0.430869920916280,-0.337395277989337,0.269082495551495,0.370688515924409,1.25520654727998,1.40120415982485,1.94150405719444,2.22006213470749,2.37689311986153,2.73019286044938,2.75727348295927,2.94126659856997,3.40769590098119,3.42091295116773
1.69000000000000,9,-1.21481367416076,-1.19899923017706,-0.897373549158702,-0.840256475525749,-0.427476415094340,-0.335653104925054,0.277856866308908,0.377728449870514,1.26482221895353,1.40953625081646,1.95103704675566,2.22814592265176,2.38591050066460,2.73847963609413,2.76475620188195,2.94865100087032,3.41728833392046,3.43035993740219
1.70000000000000,9,-1.21166180758018,-1.19601412714430,-0.893989768901411,-0.837561515688343,-0.424127126230976,-0.333926347624978,0.286642575836930,0.384809700235770,1.27443888403074,1.41788298785723,1.96057085627776,2.23623902172582,2.39493228484054,2.74677633678672,2.77224542242210,2.95604688332445,3.42688360993178,3.43981170141224
1.71000000000000,9,-1.20852221214868,-1.19303955933901,-0.890627903437569,-0.834879639299914,-0.420821493154224,-0.332214882387893,0.295439513023041,0.391931975479533,1.28405654199233,1.42624434389140,1.97010548880351,2.24434139615600,2.40395809080326,2.75508290161102,2.77974137931034,2.96345338983051,3.43648170115158,3.44926873857404
1.72000000000000,9,-1.20539546290619,-1.19007569386039,-0.887287784513871,-0.832210782308767,-0.417559049137997,-0.330518518518518,0.304247567281653,0.399094681252358,1.29367519228539,1.43462017434620,1.97964094732111,2.25245300996826,2.41298865069357,2.76339926991110,2.78724373576310,2.97087126137841,3.44608258005511,3.45873015873016
1.73000000000000,9,-1.20228111372023,-1.18712202063323,-0.883969244635832,-0.829554880772366,-0.414339237057221,-0.328837114244840,0.313066628578465,0.406297420333839,1.30329483432382,1.44301007556675,1.98917723476448,2.26057382699683,2.42202291978077,2.77172538129289,2.79475218658892,2.97830018083183,3.45568621945172,3.46819672131147
1.74000000000000,9,-1.19917908835602,-1.18417898521774,-0.880672117092783,-0.826911870861587,-0.411161629669252,-0.327170486495697,0.321896587453595,0.413539753345579,1.31291546748869,1.45141416970036,1.99871435401340,2.26870381089271,2.43106119287374,2.78006117562579,2.80226789510985,2.98573975044563,3.46529259248019,3.47766749379653
1.75000000000000,9,-1.19608938547486,-1.18124642652944,-0.877396235981629,-0.824281688864873,-0.408025682182986,-0.325518485121731,0.330737335043551,0.420821055181044,1.32253709112869,1.45983213429257,2.00825230789381,2.27684292513202,2.44010374452910,2.78840659304427,2.80978960927437,2.99319033026898,3.47490167260416,3.48714285714286
1.76000000000000,9,-1.19301221166893,-1.17832418238243,-0.874141436229410,-0.821664271192327,-0.404930892790437,-0.323880946801031,0.339588763102051,0.428140936485860,1.33215970456048,1.46826397646070,2.01779109917803,2.28499113302421,2.44915025627192,2.79676157394933,2.81731823164048,3.00065189048240,3.48451343360763,3.49662314272850
1.77000000000000,9,-1.18994708994709,-1.17541229385307,-0.870907553614684,-0.819059554379704,-0.401876784985720,-0.322257720979766,0.348450764019745,0.435498912029841,1.34178330706913,1.47670943926876,2.02733073058500,2.29314839772013,2.45820063694268,2.80512605900994,2.82485322896282,3.00812407680945,3.49412784959045,3.50610727562400
1.78000000000000,9,-1.18689414501745,-1.17251082251082,-0.867694424787773,-0.816467475092336,-0.398862811517058,-0.320648648648649,0.357323230842832,0.442894458956261,1.35140789790848,1.48516842634490,2.03687120478051,2.30131468221987,2.46725499303298,2.81349998916443,2.83239497618017,3.01560758082497,3.50374489496399,3.51559633027523
1.79000000000000,9,-1.18385321100917,-1.16961951786233,-0.864501887289898,-0.813887970128967,-0.395888459189904,-0.319053618927622,0.366206057290647,0.450327095694508,1.36103347630158,1.49364069952305,2.04641252437749,2.30948994938061,2.47631352282515,2.82188330562176,2.83994334277620,3.02310126582279,3.51336454444678,3.52508960573477
1.80000000000000,9,-1.18082463984103,-1.16673866090713,-0.861329779571225,-0.811320976425512,-0.392953200645508,-0.317472401979444,0.375099137772200,0.457796333272826,1.37066004144103,1.50212601468883,2.05595469193624,2.31767416192416,2.48537549407115,2.83027594986279,2.84749801429706,3.03060587133042,3.52298677306032,3.53458697112156
1.81000000000000,9,-1.17780784844384,-1.16386768447837,-0.858177941007874,-0.808766431058739,-0.390056588520614,-0.315904936014625,0.384002367401735,0.465301685087878,1.38028759248945,1.51062459755312,2.06549770996469,2.32586728244449,2.49444119368051,2.83867786364145,2.85505965532479,3.03812154696133,3.53261155612480,3.54408883082952
1.82000000000000,9,-1.17480297723292,-1.16100724914155,-0.855046211917885,-0.806224271249861,-0.387197991841857,-0.314350976685570,0.392915642013318,0.472842569616763,1.38991612857979,1.51913580246914,2.07504158091871,2.33406927341503,2.50351053159478,2.84708898898586,2.86262798634812,3.04564755838641,3.54223886925504,3.55359477124183
1.83000000000000,9,-1.17181008902077,-1.15815679000293,-0.851934433576217,-0.803694434368066,-0.384376993892991,-0.312810442416541,0.401838858174476,0.480418636056718,1.39954564881577,1.52766002543451,2.08458630720232,2.34228009719589,2.51258389261745,2.85550926819942,2.87020237264480,3.05318450426789,3.55186868835641,3.56310450577966
1.84000000000000,9,-1.16882895186070,-1.15531660692951,-0.848842448228759,-0.801176857933953,-0.381593028588901,-0.311283133943232,0.410771913198946,0.488029322311472,1.40917615227226,1.53619691119691,2.09413189116801,2.35049971604090,2.52166064981949,2.86393864386180,2.87778412335808,3.06073211314476,3.56150098962079,3.57261904761905
1.85000000000000,9,-1.16585956416465,-1.15248618784530,-0.845770099105422,-0.798671479622901,-0.378845664886855,-0.309768995268578,0.419714705158526,0.495674116798846,1.41880763799566,1.54474603601183,2.10367833511701,2.35872809210456,2.53074093536521,2.87237705882988,2.88537211291702,3.06829010058232,3.57113574952268,3.58213716108453
1.86000000000000,9,-1.16290212183436,-1.14966612940364,-0.842717230432322,-0.796178237268361,-0.376134244872592,-0.308267792058316,0.428667132894074,0.503352490421456,1.42844010500429,1.55330781848004,2.11322564129957,2.36696518744879,2.53982499439085,2.88082445623868,2.89296721770804,3.07585877862595,3.58077294481528,3.59165902841430
1.87000000000000,9,-1.15995607613470,-1.14685598377282,-0.839683687443079,-0.793697068865060,-0.373458398471426,-0.306779461872870,0.437629096025689,0.511064075428132,1.43807355228876,1.56188156492617,2.12277381191522,2.37521096404965,2.54891238303561,2.88928077950217,2.90056873896842,3.08343789209536,3.59041255252665,3.60118543607113
1.88000000000000,9,-1.15702174714338,-1.14405594405594,-0.836669316389279,-0.791227912572151,-0.370817523283891,-0.305303818154806,0.446600494962081,0.518808305747818,1.44770797881239,1.57046742209632,2.13232284911314,2.38346538380379,2.55800328099367,2.89774597231406,2.90817694369973,3.09102773246329,3.60005454995598,3.61071522829242
1.89000000000000,9,-1.15409895928428,-1.14126559714795,-0.833673964550100,-0.788770706716270,-0.368211165970376,-0.303840739995978,0.455581230909181,0.526584629672626,1.45734338351153,1.57906542056075,2.14187275499236,2.39172840853491,2.56709741550696,2.90621997864856,2.91579192908794,3.09862778730703,3.60969891466983,3.62024901703801
1.90000000000000,9,-1.15118761676007,-1.13848547717842,-0.830697480241150,-0.786325389794523,-0.365638827818440,-0.302390069985475,0.464571205877988,0.534392735527809,1.46697976529600,1.58767507002801,2.15142353160213,2.40000000000000,2.57619521912351,2.91470274276104,2.92341356673961,3.10623841877702,3.61934562449852,3.62978675895947
1.91000000000000,9,-1.14828767123288,-1.13571504069337,-0.827739712822538,-0.783891900477409,-0.363099984053580,-0.300951696893518,0.473570322691709,0.542231947483589,1.47661712304944,1.59629654843761,2.16097518094218,2.40828011989550,2.58529621698787,2.92319420918864,2.93104198390254,3.11385958530375,3.62899465753248,3.63932806324111
1.92000000000000,9,-1.14539930555556,-1.13295454545455,-0.824800512706193,-0.781470177611659,-0.360594130279170,-0.299525462143211,0.482578484992203,0.550101870716799,1.48625545562964,1.60492957746479,2.17052770496307,2.41656872986330,2.59440057430007,2.93169432275092,2.93867696764848,3.12149102623102,3.63864599211872,3.64887307236062
1.93000000000000,9,-1.14252214695154,-1.13020372010629,-0.821879731362481,-0.779060160223010,-0.358120805369127,-0.298111281265952,0.491595597245741,0.558002148227712,1.49589476186901,1.61357395056885,2.18008110556645,2.42486579149666,2.60350790513834,2.94020302855029,2.94631901840491,3.12913287585777,3.64829960685734,3.65842245989305
1.94000000000000,9,-1.13965623081645,-1.12746280659429,-0.818977221326114,-0.776661787518904,-0.355679502306125,-0.296708991966831,0.500621564748138,0.565932144106331,1.50553504057484,1.62222979884078,2.18963538460538,2.43317126634598,2.61261872455902,2.94872027197260,2.95396729254997,3.13678516228748,3.65795548059808,3.66797488226060
1.95000000000000,9,-1.13680154142582,-1.12473175965665,-0.816092836201401,-0.774274998891122,-0.353269723062602,-0.295318454001089,0.509656293629248,0.573891421467053,1.51517629052977,1.63089683773976,2.19919054388469,2.44148511592443,2.62173244490005,2.95724599868746,2.96162280701754,3.14444746130872,3.66761359243693,3.67753086419753
1.96000000000000,9,-1.13395810363837,-1.12201039861352,-0.813226430666864,-0.771899733918341,-0.350891089108911,-0.293939532963252,0.518699690856868,0.581879572312887,1.52481851049207,1.63957475994513,2.20874658516126,2.44980730171352,2.63084956818638,2.96578015464874,2.96928477402369,3.15212011219271,3.67727392171275,3.68709043250328
1.97000000000000,9,-1.13112582781457,-1.11929858183212,-0.810377860479214,-0.769535932368628,-0.348542944785276,-0.292572169964320,0.527751664240063,0.589896148853310,1.53446169919606,1.64826388888889,2.21830351014432,2.45813778516853,2.63996948893974,2.97432268609483,2.97695334457560,3.15980304386750,3.68693644800404,3.69665362885702
1.98000000000000,9,-1.12830454705675,-1.11659646166807,-0.807546982476746,-0.767183534201867,-0.346224987388599,-0.291216155839514,0.536812122431948,0.597940671733268,1.54410585535243,1.65696372592924,2.22786132049583,2.46647652772378,2.64909277644642,2.98287353954897,2.98462889767238,3.16749585406302,3.69660115112566,3.70622009569378
1.99000000000000,9,-1.12549433166359,-1.11390398550725,-0.804733654582164,-0.764842479572109,-0.343936657869149,-0.289871418903677,0.545880974931913,0.606012658227848,1.55375097764866,1.66567418119949,2.23742001783077,2.47482349079782,2.65821868211441,2.99143266181948,2.99231117141565,3.17519908987486,3.70626801112562,3.71579009995240
2.00000000000000,17/2,-1.12269503546099,-1.11122114140128,-0.801937735804838,-0.762512708829868,-0.341677503250975,-0.288537854368133,0.554958132087371,0.614111698460124,1.56339706474929,1.67439549622911,2.24697960371747,2.48317863579858,2.66734798160450,3.00000000000000,3.18291284403670,3.71593700828199,3.72536349954030
2.01000000000000,9,-1.11990656631196,-1.10854776693286,-0.799159086242553,-0.760194162524343,-0.339447171273573,-0.287215297265549,0.564043505094988,0.622237334240054,1.57304411529637,1.68312719217279,2.25654007967794,2.49154192412825,2.67648010352637,3.00769578995020,3.00857550146963,3.19063631660631,3.72560812309973,3.73494025208708
2.02000000000000,9,-1.11712901805372,-1.10588402501421,-0.796397567082727,-0.757886781405581,-0.337245040514110,-0.285903667697746,0.573137006001464,0.630389284219339,1.58269212790971,1.69186930091185,2.26610144718822,2.49991331718820,2.68561484918793,3.01539815222173,3.01715911389304,3.19836956521739,3.73528133630767,3.74452003023432
2.03000000000000,9,-1.11436241610738,-1.10322970117718,-0.793653040603158,-0.755590506426561,-0.335070810385523,-0.284602784602785,0.582238547703856,0.638566838943987,1.59234110118734,1.70062171209947,2.27566370767869,2.50829277638371,2.69475277497477,3.02310717797444,3.02575078522061,3.20611353711790,3.74495662885551,3.75410374261326
2.04000000000000,9,-1.11160637750729,-1.10058479532164,-0.790925370172300,-0.753305278745242,-0.332923983789758,-0.283312618564794,0.591348043949469,0.646769835421272,1.60199103370575,1.70938404299297,2.28522686253444,2.51668026312865,2.70389344262295,3.03082311733800,3.03435046368839,3.21386718750000,3.75463398191084,3.76369047619048
2.05000000000000,9,-1.10886116960959,-1.09794938917976,-0.788214420249079,-0.751031039726521,-0.330804123711340,-0.282033000611122,0.600465409335344,0.654997696913865,1.61164192402033,1.71815668202765,2.29479091309557,2.52507573884998,2.71303714493809,3.03854545454546,3.04295809781816,3.22163061564060,3.76431337685620,3.77328000000000
2.06000000000000,9,-1.10612654837630,-1.09532333855449,-0.785520056382299,-0.748767730944140,-0.328710837185413,-0.280763822742323,0.609590559307345,0.663250000000000,1.62129377066565,1.72693920335430,2.30435586065756,2.53347916499222,2.72218334499650,3.04627502461438,3.05157363641739,3.22940430925222,3.77399479528627,3.78287255563048
2.07000000000000,9,-1.10340256296951,-1.09270664505673,-0.782842145209612,-0.746515294182541,-0.326643654170346,-0.279504980380320,0.618723410158885,0.671526586620926,1.63094657215582,1.73573141486811,2.31392170647160,2.54189050302178,2.73133235724744,3.05401111993646,3.06019702857913,3.23718763235917,3.78367821900495,3.79246935201401
2.08000000000000,9,-1.10068912710567,-1.09009934909215,-0.780180554456126,-0.744273671438638,-0.324602203182374,-0.278256374913853,0.627863879029264,0.679826673086182,1.64060032698482,1.74453362856352,2.32348845174492,2.55030971443119,2.74048374306106,3.06175402179554,3.06882822368194,3.24498094027954,3.79336363002263,3.80206794682422
2.09000000000000,9,-1.09798624754420,-1.08750126300899,-0.777535152932604,-0.742042804923559,-0.322586062132662,-0.277017886667669,0.637011883901714,0.688150215681299,1.65025503362686,1.75334522747547,2.33305609764119,2.55873676074329,2.74963820549928,3.06950354609929,3.07746717138970,3.25278396436526,3.80305101055341,3.81167026860142
2.10000000000000,9,-1.09529384219152,-1.08491244902854,-0.774905810533333,-0.739822637064302,-0.320594795539033,-0.275789379260854,0.646167343601067,0.696496572734197,1.65991069053668,1.76216640502355,2.34262464528079,2.56717160351520,2.75879498584715,3.07725947521866,3.08611382165148,3.26059712495393,3.81274034301242,3.82127558305569
2.11000000000000,9,-1.09261186264308,-1.08233276157804,-0.772292398233628,-0.737613110505348,-0.318628045085444,-0.274570788753421,0.655330177791154,0.704865556978233,1.66956729614992,1.77099737532808,2.35219409574122,2.57561420434234,2.76795443288757,3.08502289077829,3.09476812470125,3.26841980573324,3.82243161001309,3.83088383329978
2.12000000000000,9,-1.08994021315311,-1.07976240984302,-0.769694788087030,-0.735414168110217,-0.316685402280392,-0.273361976369495,0.664500306971892,0.713256704980843,1.67922484888340,1.77983725135624,2.36176445005742,2.58406452486224,2.77711640211640,3.09279204639602,3.10343003105771,3.27625201938611,3.83212479436458,3.84049526584122
2.13000000000000,9,-1.08727881396461,-1.07720119098256,-0.767112853222172,-0.733225752962958,-0.314766463591529,-0.272162900422151,0.673677652476092,0.721669592354203,1.68888334713547,1.78868630201029,2.37133570922213,2.59252252675831,2.78628117913832,3.10056858564321,3.11209949152395,3.28409459021704,3.84181987906918,3.85010940919037
2.14000000000000,9,-1.08462774504553,-1.07464914899970,-0.764546467839371,-0.731047808369597,-0.312870919881306,-0.270973399590763,0.682862136466011,0.730103955484622,1.69854278928636,1.79754469093259,2.38090787418624,2.60098817176353,2.79544823757979,3.10835164835165,3.12077645718712,3.29194630872483,3.85151684731971,3.85972602739726
2.15000000000000,9,-1.08198683423100,-1.07210607820364,-0.761995507206917,-0.728880277859517,-0.310998307952623,-0.269793359647086,0.692053681929648,0.738559322033898,1.70820317369845,1.80641205325858,2.39048094585914,2.60946142166401,2.80461780654189,3.11614138951767,3.12946087941813,3.29980806142034,3.86121568249706,3.86934596577017
2.16000000000000,9,-1.07935627081021,-1.06957217113155,-0.759459847657113,-0.726723105186796,-0.309148322564159,-0.268622703318616,0.701252212676800,0.747035478626757,1.71786449871661,1.81528835690968,2.40005492510908,2.61794223830251,2.81378963261198,3.12393767705382,3.13815270987124,3.30767923887190,3.87091636816768,3.87896867675261
2.17000000000000,9,-1.07673568818514,-1.06704720485639,-0.756939366582051,-0.724576234331478,-0.307320565598711,-0.267461352207115,0.710457653334897,0.755531952557975,1.72752676266852,1.82417341799869,2.40962981276351,2.62643058358181,2.82296408700051,3.13174114021572,3.14685190048365,3.31556002682763,3.88061888808114,3.88859416445623
2.18000000000000,9,-1.07412523020258,-1.06453132359868,-0.754433942429147,-0.722439609500809,-0.305514705882353,-0.266309204647006,0.719669929344635,0.764048531289911,1.73718996386499,1.83306734759017,2.41920560960946,2.63492641946806,2.83214089157953,3.13955071477195,3.15555840347505,3.32345013477089,3.89032322616775,3.89822237713489
2.19000000000000,9,-1.07152484499955,-1.06202435312024,-0.751943454696455,-0.720313175130404,-0.303730321697467,-0.265166130760986,0.728888966955389,0.772584583188001,1.74685410060025,1.84196986402058,2.42878231639388,2.64342970799400,2.84132021580451,3.14736715266900,3.16427217134719,3.33135038667460,3.90002936653615,3.90785340314136
2.20000000000000,9,-1.06893437688140,-1.05952626158599,-0.749467783927759,-0.718196875885380,-0.301967146623403,-0.264032073310424,0.738114693220451,0.781140232369630,1.75651917115225,1.85088096261281,2.43835993382399,2.65194041126213,2.85050184891706,3.15519013360740,3.17299315688332,3.33925969105217,3.90973729347100,3.91748710736052
2.21000000000000,9,-1.06635388739946,-1.05703703703704,-0.747006811707465,-0.716090656661421,-0.300224810954425,-0.262906879694766,0.747347035992099,0.789714761607329,1.76618517378301,1.85980036297641,2.44793846256766,2.66045849144774,2.85968543046358,3.16302003081664,3.18172131314771,3.34717868338558,3.91944699143067,3.92712328767123
2.22000000000000,9,-1.06378331148973,-1.05455685618729,-0.744560420655297,-0.713994462585809,-0.298502994011976,-0.261790501406586,0.756585923916481,0.798308103294746,1.77585210673889,1.86872852233677,2.45751790325374,2.66898391080197,2.86887159533074,3.17085661080075,3.19045659348508,3.35510688836104,3.92915844504496,3.93676222596965
2.23000000000000,9,-1.06122259383129,-1.05208541209339,-0.742128494420818,-0.711908239018402,-0.296801346801347,-0.260682843031995,0.765831286428356,0.806919642857143,1.78551996825085,1.87766450417053,2.46709825647243,2.67751663165466,2.87805983680870,3.17869943676395,3.19919895152003,3.36304456685028,3.93887163911289,3.94640434192673
2.24000000000000,9,-1.05867158671587,-1.04962275101567,-0.739710917677779,-0.709831931552559,-0.295119554536521,-0.259583841034774,0.775083053745690,0.815549385164617,1.79518875653485,1.88660907127430,2.47667952277566,2.68605661641721,2.88725023786870,3.18654923939151,3.20794834115643,3.37099125364431,3.94858655860050,3.95604855588112
2.25000000000000,9,-1.05613057324841,-1.04716886251634,-0.737307576118293,-0.707765486016025,-0.293457308084817,-0.258493353028065,0.784341156864113,0.824197002141328,1.80485846979204,1.89556135770235,2.48626170267740,2.69460382758534,2.89644268774704,3.19440559440559,3.21670471657678,3.37894791076305,3.95830318863865,3.96569548872180
2.26000000000000,9,-1.05359907120743,-1.04472376498100,-0.734918356446889,-0.705708848471764,-0.291814283050531,-0.257411307306010,0.793605527551255,0.832861990950226,1.81452910620911,1.90452209660843,2.49584479665405,2.70315822774178,2.90563774490204,3.20226843100189,3.22546803224158,3.38691365401852,3.96802151452088,3.97534445250181
2.27000000000000,9,-1.05107722101186,-1.04228736184527,-0.732543146374399,-0.703661965218755,-0.290190146931720,-0.256337608112138,0.802876098340952,0.841544117647059,1.82420066395857,1.91349062310950,2.50542880514482,2.71171977955884,2.91483465730648,3.21013779527559,3.23423824288863,3.39488870568838,3.97774152170135,3.98499624906227
2.28000000000000,9,-1.04856512141280,-1.03985956216439,-0.730181834611717,-0.701624782792733,-0.288584676529035,-0.255272192251103,0.812152802527369,0.850243224461432,1.83387314119901,1.92246696035242,2.51501372855203,2.72028844580100,2.92403376277210,3.21801385681293,3.24301530353232,3.40287277701778,3.98746319579272,3.99465090090090
2.29000000000000,9,-1.04606253875454,-1.03744043567052,-0.727834310863458,-0.699597247966897,-0.286997529755221,-0.254214963119073,0.821435574158988,0.858958982969537,1.84354653607544,1.93145118169180,2.52459956724151,2.72886418932733,2.93323485967504,3.22589659990685,3.25179916946296,3.41086624481781,3.99718652256412,4.00430769230769
2.30000000000000,9,-1.04356955380577,-1.03502994011976,-0.725500465821467,-0.697579307752562,-0.285428342674139,-0.253165849673203,0.830724348032541,0.867690994451558,1.85322084671950,1.94044321329640,2.53418632154296,2.73744697309392,2.94243792325056,3.23378582202112,3.26058979624597,3.41886885650778,4.00691148793914,4.01396702230844
2.31000000000000,9,-1.04108601633830,-1.03262786596120,-0.723180191158255,-0.695570909399782,-0.283876955714664,-0.252124723307736,0.840019059686831,0.876439089692102,1.86289607124979,1.94944237918216,2.54377399175027,2.74603676015618,2.95164319248826,3.24168126094571,3.26938713972115,3.42688081149620,4.01663807799381,4.02362869198312
2.32000000000000,9,-1.03861192570870,-1.03023465703971,-0.720873379520320,-0.693572000397926,-0.282342993312322,-0.251091535810035,0.849319645396490,0.885202968136185,1.87257220777213,1.95844972067039,2.55336257812194,2.75463351367111,2.96085048936888,3.24958402662230,3.27819115600189,3.43490115882754,4.02636627895468,4.03329297820823
2.33000000000000,9,-1.03614723385497,-1.02784974093264,-0.718579924521380,-0.691582528476204,-0.280826204882120,-0.250066225165563,0.858626042165658,0.893982380170225,1.88224925437982,1.96746411483254,2.56295208088136,2.76323719689950,2.97005988023952,3.25749235474006,3.28700180147436,3.44293125810636,4.03609607719688,4.04295942720764
2.34000000000000,9,-1.03369195922990,-1.02547332185886,-0.716299720735523,-0.689602441604172,-0.279326364692218,-0.249048625792812,0.867938187721614,0.902777062187645,1.89192720915394,1.97648595689092,2.57254250021724,2.77184777320802,2.97927090779128,3.26540810660744,3.29581903279667,3.45097037793667,4.04582745924221,4.05262789558402
2.35000000000000,9,-1.03124593151933,-1.02310536044362,-0.714032663690288,-0.687631687992180,-0.277843183423593,-0.248038763267190,0.877256020508336,0.911586784550954,1.90160607016359,1.98551532033426,2.58213383628391,2.78046520607132,2.98848368522073,3.27332965212590,3.30464280689804,3.45901848311026,4.05556041175727,4.06229860365199
2.36000000000000,9,-1.02880921895006,-1.02074579831933,-0.711778649859669,-0.685670216091788,-0.276376357945130,-0.247036510194405,0.886579479680010,0.920411271896420,1.91128583546616,1.99455175829619,2.59172608920172,2.78908945907403,2.99769888231427,3.28125833111170,3.31347308097794,3.46707553260168,4.06529492155160,4.07197231833910
2.37000000000000,9,-1.02638175957980,-1.01839464882943,-0.709537576657054,-0.683717974596151,-0.274925630937530,-0.246041798606713,0.895908505094514,0.929250263991552,1.92096650310762,2.00359527478171,2.60131925905735,2.79772049591266,3.00691562932227,3.28919330289193,3.32230981250519,3.47514159848962,4.07503097557587,4.08164794007491
2.38000000000000,9,-1.02396348421453,-1.01605191256831,-0.707309342428121,-0.681774912440350,-0.273490813648294,-0.245054501413000,0.905243037306839,0.938103490963110,1.93064807112273,2.01264591439689,2.61091334590421,2.80635828039751,3.01613445378151,3.29713423831071,3.33115295921708,3.48321623731460,4.08476856092012,4.09132581100141
2.39000000000000,9,-1.02155434122647,-1.01371742112483,-0.705093846443670,-0.679840978801707,-0.272071590757313,-0.244074605451937,0.914583017562487,0.946970776906629,1.94033053753534,2.02170374389582,2.62050834976275,2.81500277645446,3.02535496957404,3.30508237922368,3.34000247911843,3.49129989764586,4.09450766481190,4.10100568430258
2.40000000000000,9,-1.01915431875678,-1.01139117789627,-0.702890988892410,-0.677916123100043,-0.270667762857404,-0.243102006688963,0.923928387790855,0.955851851851852,1.95001390035864,2.03076842982091,2.63010427062085,2.82365394812677,3.03457738748628,3.31303669008587,3.34885833048070,3.49939295831647,4.10424827461464,4.11068814055637
2.41000000000000,9,-1.01676337846551,-1.00907323395982,-0.700700670873720,-0.676000294997915,-0.269279075609143,-0.242136659436009,0.933279090598568,0.964746616304690,1.95969815759537,2.03983997332889,2.63970110843416,2.83231175957672,3.04380165289256,3.32099758648431,3.35772047184099,3.50749464668094,4.11399037782582,4.12037258180081
2.42000000000000,9,-1.01438159156280,-1.00676361176868,-0.698522794390363,-0.674093444400823,-0.267905304165418,-0.241178447406744,0.942635069262816,0.973654708520179,1.96938330723814,2.04891815616181,2.64929886312644,2.84097617508729,3.05302745393005,3.32896461336828,3.36658886200111,3.51560468140442,4.12373396207539,4.13005936319482
2.43000000000000,9,-1.01200873362445,-1.00446207238473,-0.696357262341175,-0.672195521457358,-0.266546193810707,-0.240227311864990,0.951996267724671,0.982575757575758,1.97906934726961,2.05800334634691,2.65889753458991,2.84964715906376,3.06225511536787,3.33693843594010,3.37546346002660,3.52372372372372,4.13347901512398,4.13974799541810
2.44000000000000,9,-1.00964467005076,-1.00216876971609,-0.694203978513724,-0.670306476559348,-0.265201537400217,-0.239283204497540,0.961362630582395,0.991510006064281,1.98875627566278,2.06709521896344,2.66849712268562,2.85832467603520,3.07148468185389,3.34491803278689,3.38434422524571,3.53185185185185,4.14322552486137,4.14943886591849
2.45000000000000,9,-1.00728959575878,-0.999883585564610,-0.692062847576965,-0.668426260341952,-0.263871132702634,-0.238346062681064,0.970734103084736,1.00045682960256,1.99844409038119,2.07619359058208,2.67809762724378,2.86700869065598,3.08071570576541,3.35290443472829,3.39323111724845,3.53998797354179,4.15297347930478,4.15913154533844
2.46000000000000,9,-1.00494350282486,-0.997606510292006,-0.689933775073863,-0.666554823683725,-0.262554698895603,-0.237415774871185,0.980110631124233,1.00941619585687,2.00813278937921,2.08529819694868,2.68769904806411,2.87569916770721,3.08994868699064,3.36089698668535,3.40212409588552,3.54813359528487,4.16272286659731,4.16882649388049
2.47000000000000,9,-1.00260610573343,-0.995337477797513,-0.687816667414005,-0.664692117706655,-0.261252045826514,-0.236492281303602,0.989492161230520,1.01838785546290,2.01782237060223,2.09440993788820,2.69730138491621,2.88439607209807,3.09918319719953,3.36889641546712,3.41102312126728,3.55628703094141,4.17247367500636,4.17852348993289
2.48000000000000,9,-1.00027754648904,-0.993076590220684,-0.685711431866219,-0.662838093776171,-0.259963006557928,-0.235575485799701,0.998878640563637,1.02737157855268,2.02751283198691,2.10352760736196,2.70690463753985,2.89309936886717,3.10841913991520,3.37690179806362,3.41992815376274,3.56444967628016,4.18222589292209,4.18822292323870
2.49000000000000,9,-0.997957668028221,-0.990823529411765,-0.683617976551177,-0.660992703501114,-0.258687348611888,-0.234665427509294,1.00827001690734,1.03636728953185,2.03720417146143,2.11265164644714,2.71650880564536,2.90180902318384,3.11765707474885,3.38491379310345,3.42883915399847,3.57262103505843,4.19197950885585,4.19792387543253
2.50000000000000,9,-0.995646495428820,-0.988578680203046,-0.681536210433994,-0.659155898733689,-0.257424854194706,-0.233761896810820,1.01766623866245,1.04537460429124,2.04689638694570,2.12178189181371,2.72611388891397,2.91052500034930,3.12689655172414,3.39293182768716,3.43775608285757,3.58080000000000,4.20173451143869,4.20762711864407
